INSERT INTO `role` VALUES (2,'LECTURER'),(1,'MANAGER'),(3,'STUDENT');
INSERT INTO `department` VALUES (1,'Khoa Công nghệ Thông tin'),(5,'Khoa Đa phương tiện'),(3,'Khoa Điện tử'),(4,'Khoa Kinh tế'),(2,'Khoa Viễn thông');
INSERT INTO `major` VALUES (1,'CNTT','Công nghệ thông tin',1),(2,'KTMT','Kỹ thuật máy tính',1),(3,'KTVT','Kỹ thuật Viễn thông',2),(4,'TTMMT','Truyền thông và Mạng máy tính',2),(5,'KTDT','Kỹ thuật Điện tử',3),(6,'KTDTVT','Kỹ thuật Điện tử - Viễn thông',3),(7,'QTKD','Quản trị Kinh doanh',4),(8,'KT','Kế toán',4),(9,'TTDPT','Truyền thông Đa phương tiện',5),(10,'CNDPT','Công nghệ Đa phương tiện',5);
INSERT INTO `specialization` VALUES (1,'An toàn thông tin',1),(2,'Công nghệ phần mềm',1),(3,'Hệ thống thông tin',1),(4,'Khoa học máy tính',1),(5,'Nhúng và IoT',2),(6,'Kiến trúc máy tính',2),(7,'Thông tin vô tuyến',3),(8,'Thông tin quang',3),(9,'Quản trị mạng',4),(10,'An ninh mạng',4),(11,'Vi mạch số',5),(12,'Điện tử y sinh',5),(13,'Hệ thống nhúng',6),(14,'Điện tử viễn thông',6),(15,'Marketing số',7),(16,'Quản trị dự án',7),(17,'Kế toán doanh nghiệp',8),(18,'Kiểm toán',8),(19,'Thiết kế đồ họa',9),(20,'Sản xuất nội dung số',9),(21,'Phát triển game',10),(22,'Hoạt hình số',10);
INSERT INTO `class` VALUES (1,'D22CQCN01-N',1,NULL,'MAJOR'),(2,'D22CQCN02-N',1,NULL,'MAJOR'),(3,'D21CQCNHT01-N',1,3,'SPECIALIZATION'),(4,'D18CQCP01-N',1,2,'SPECIALIZATION');
INSERT INTO `semester` VALUES (1,'2024-1','Học kỳ 1 - Năm học 2024 - 2025','2024-08-12 00:00:00','2024-12-29 00:00:00'),(2,'2024-2','Học kỳ 2 - Năm học 2024 - 2025','2024-12-30 00:00:00','2025-06-30 00:00:00'),(3,'2024-3','Học kỳ 3 - Năm học 2024 - 2025','2025-06-23 00:00:00','2025-10-13 00:00:00');
INSERT INTO `semester_week` VALUES (1,'Tuần 1','2024-08-12 00:00:00','2024-08-18 23:59:59',1),(2,'Tuần 2','2024-08-19 00:00:00','2024-08-25 23:59:59',1),(3,'Tuần 3','2024-08-26 00:00:00','2024-09-01 23:59:59',1),(4,'Tuần 4','2024-09-02 00:00:00','2024-09-08 23:59:59',1),(5,'Tuần 5','2024-09-09 00:00:00','2024-09-15 23:59:59',1),(6,'Tuần 6','2024-09-16 00:00:00','2024-09-22 23:59:59',1),(7,'Tuần 7','2024-09-23 00:00:00','2024-09-29 23:59:59',1),(8,'Tuần 8','2024-09-30 00:00:00','2024-10-06 23:59:59',1),(9,'Tuần 9','2024-10-07 00:00:00','2024-10-13 23:59:59',1),(10,'Tuần 10','2024-10-14 00:00:00','2024-10-20 23:59:59',1),(11,'Tuần 11','2024-10-21 00:00:00','2024-10-27 23:59:59',1),(12,'Tuần 12','2024-10-28 00:00:00','2024-11-03 23:59:59',1),(13,'Tuần 13','2024-11-04 00:00:00','2024-11-10 23:59:59',1),(14,'Tuần 14','2024-11-11 00:00:00','2024-11-17 23:59:59',1),(15,'Tuần 15','2024-11-18 00:00:00','2024-11-24 23:59:59',1),(16,'Tuần 16','2024-11-25 00:00:00','2024-12-01 23:59:59',1),(17,'Tuần 17','2024-12-02 00:00:00','2024-12-08 23:59:59',1),(18,'Tuần 18','2024-12-09 00:00:00','2024-12-15 23:59:59',1),(19,'Tuần 19','2024-12-16 00:00:00','2024-12-22 23:59:59',1),(20,'Tuần 20','2024-12-23 00:00:00','2024-12-29 23:59:59',1),(21,'Tuần 21','2024-12-30 00:00:00','2025-01-05 23:59:59',2),(22,'Tuần 22','2025-01-06 00:00:00','2025-01-12 23:59:59',2),(23,'Tuần 23','2025-01-13 00:00:00','2025-01-19 23:59:59',2),(24,'Tuần 24','2025-01-20 00:00:00','2025-01-26 23:59:59',2),(25,'Tuần 25','2025-01-27 00:00:00','2025-02-02 23:59:59',2),(26,'Tuần 26','2025-02-03 00:00:00','2025-02-09 23:59:59',2),(27,'Tuần 27','2025-02-10 00:00:00','2025-02-16 23:59:59',2),(28,'Tuần 28','2025-02-17 00:00:00','2025-02-23 23:59:59',2),(29,'Tuần 29','2025-02-24 00:00:00','2025-03-02 23:59:59',2),(30,'Tuần 30','2025-03-03 00:00:00','2025-03-09 23:59:59',2),(31,'Tuần 31','2025-03-10 00:00:00','2025-03-16 23:59:59',2),(32,'Tuần 32','2025-03-17 00:00:00','2025-03-23 23:59:59',2),(33,'Tuần 33','2025-03-24 00:00:00','2025-03-30 23:59:59',2),(34,'Tuần 34','2025-03-31 00:00:00','2025-04-06 23:59:59',2),(35,'Tuần 35','2025-04-07 00:00:00','2025-04-13 23:59:59',2),(36,'Tuần 36','2025-04-14 00:00:00','2025-04-20 23:59:59',2),(37,'Tuần 37','2025-04-21 00:00:00','2025-04-27 23:59:59',2),(38,'Tuần 38','2025-04-28 00:00:00','2025-05-04 23:59:59',2),(39,'Tuần 39','2025-05-05 00:00:00','2025-05-11 23:59:59',2),(40,'Tuần 40','2025-05-12 00:00:00','2025-05-18 23:59:59',2),(41,'Tuần 41','2025-05-19 00:00:00','2025-05-25 23:59:59',2),(42,'Tuần 46','2025-06-23 00:00:00','2025-06-29 23:59:59',3),(43,'Tuần 47','2025-06-30 00:00:00','2025-07-06 23:59:59',3),(44,'Tuần 48','2025-07-07 00:00:00','2025-07-13 23:59:59',3),(45,'Tuần 49','2025-07-14 00:00:00','2025-07-20 23:59:59',3),(46,'Tuần 50','2025-07-21 00:00:00','2025-07-27 23:59:59',3),(47,'Tuần 51','2025-07-28 00:00:00','2025-08-03 23:59:59',3),(48,'Tuần 52','2025-08-04 00:00:00','2025-08-10 23:59:59',3),(49,'Tuần 53','2025-08-11 00:00:00','2025-08-17 23:59:59',3),(50,'Tuần 54','2025-08-18 00:00:00','2025-08-24 23:59:59',3),(51,'Tuần 55','2025-08-25 00:00:00','2025-08-31 23:59:59',3),(52,'Tuần 56','2025-09-01 00:00:00','2025-09-07 23:59:59',3),(53,'Tuần 57','2025-09-08 00:00:00','2025-09-14 23:59:59',3),(54,'Tuần 58','2025-09-15 00:00:00','2025-09-21 23:59:59',3),(55,'Tuần 59','2025-09-22 00:00:00','2025-09-28 23:59:59',3),(56,'Tuần 60','2025-09-29 00:00:00','2025-10-05 23:59:59',3),(57,'Tuần 61','2025-10-06 00:00:00','2025-10-12 23:59:59',3);
INSERT INTO `room` VALUES (1,'2B11',50,'AVAILABLE','','2025-03-01 10:00:00','COMPUTER_LAB'),(2,'2B12',50,'AVAILABLE','','2025-03-01 10:30:00','COMPUTER_LAB'),(3,'2B21',30,'AVAILABLE','','2025-03-01 11:00:00','COMPUTER_LAB'),(4,'2B22',30,'AVAILABLE','','2025-03-02 08:00:00','COMPUTER_LAB'),(5,'2B31',50,'REPAIRING','','2025-03-01 12:00:00','COMPUTER_LAB'),(6,'2B32',50,'AVAILABLE','','2025-03-02 09:00:00','COMPUTER_LAB');
INSERT INTO `account` VALUES (2,'N22DCCN100','$2a$12$N6u/xwxtqTLBcYQEHOnLse731xWrQI3mxFim6RORGlyFMPTz1sn9O',3,'ACTIVE','2025-05-27 14:31:00'),(3,'N20DCCN084','$2a$12$N6u/xwxtqTLBcYQEHOnLse731xWrQI3mxFim6RORGlyFMPTz1sn9O',3,'ACTIVE','2025-05-27 14:31:00'),(4,'N22DCCN048','$2a$12$N6u/xwxtqTLBcYQEHOnLse731xWrQI3mxFim6RORGlyFMPTz1sn9O',3,'ACTIVE','2025-05-27 14:31:00'),(5,'N22DCCN176','$2a$12$N6u/xwxtqTLBcYQEHOnLse731xWrQI3mxFim6RORGlyFMPTz1sn9O',3,'ACTIVE','2025-05-27 14:31:00'),(6,'N22DCCN199','$2a$12$N6u/xwxtqTLBcYQEHOnLse731xWrQI3mxFim6RORGlyFMPTz1sn9O',3,'ACTIVE','2025-05-27 14:31:00'),(7,'N20DCCN064','$2a$12$N6u/xwxtqTLBcYQEHOnLse731xWrQI3mxFim6RORGlyFMPTz1sn9O',3,'ACTIVE','2025-05-27 14:31:00'),(8,'N22DCCN127','$2a$12$N6u/xwxtqTLBcYQEHOnLse731xWrQI3mxFim6RORGlyFMPTz1sn9O',3,'ACTIVE','2025-05-27 14:31:00'),(9,'N22DCCN148','$2a$12$N6u/xwxtqTLBcYQEHOnLse731xWrQI3mxFim6RORGlyFMPTz1sn9O',3,'ACTIVE','2025-05-27 14:31:00'),(10,'N20DCCN113','$2a$12$N6u/xwxtqTLBcYQEHOnLse731xWrQI3mxFim6RORGlyFMPTz1sn9O',3,'ACTIVE','2025-05-27 14:31:00'),(11,'N22DCCN102','$2a$12$N6u/xwxtqTLBcYQEHOnLse731xWrQI3mxFim6RORGlyFMPTz1sn9O',3,'ACTIVE','2025-05-27 14:31:00'),(12,'N22DCCN128','$2a$12$N6u/xwxtqTLBcYQEHOnLse731xWrQI3mxFim6RORGlyFMPTz1sn9O',3,'ACTIVE','2025-05-27 14:31:00'),(13,'N22DCCN051','$2a$12$N6u/xwxtqTLBcYQEHOnLse731xWrQI3mxFim6RORGlyFMPTz1sn9O',3,'ACTIVE','2025-05-27 14:31:00'),(14,'N22DCCN177','$2a$12$N6u/xwxtqTLBcYQEHOnLse731xWrQI3mxFim6RORGlyFMPTz1sn9O',3,'ACTIVE','2025-05-27 14:31:00'),(15,'N22DCCN103','$2a$12$N6u/xwxtqTLBcYQEHOnLse731xWrQI3mxFim6RORGlyFMPTz1sn9O',3,'ACTIVE','2025-05-27 14:31:00'),(16,'N22DCCN160','$2a$12$N6u/xwxtqTLBcYQEHOnLse731xWrQI3mxFim6RORGlyFMPTz1sn9O',3,'ACTIVE','2025-05-27 14:31:00'),(17,'N22DCCN153','$2a$12$N6u/xwxtqTLBcYQEHOnLse731xWrQI3mxFim6RORGlyFMPTz1sn9O',3,'ACTIVE','2025-05-27 14:31:00'),(18,'N22DCCN179','$2a$12$N6u/xwxtqTLBcYQEHOnLse731xWrQI3mxFim6RORGlyFMPTz1sn9O',3,'ACTIVE','2025-05-27 14:31:00'),(19,'N22DCCN104','$2a$12$N6u/xwxtqTLBcYQEHOnLse731xWrQI3mxFim6RORGlyFMPTz1sn9O',3,'ACTIVE','2025-05-27 14:31:00'),(20,'N22DCCN129','$2a$12$N6u/xwxtqTLBcYQEHOnLse731xWrQI3mxFim6RORGlyFMPTz1sn9O',3,'ACTIVE','2025-05-27 14:31:00'),(21,'N22DCCN154','$2a$12$N6u/xwxtqTLBcYQEHOnLse731xWrQI3mxFim6RORGlyFMPTz1sn9O',3,'ACTIVE','2025-05-27 14:31:00'),(22,'N22DCCN180','$2a$12$N6u/xwxtqTLBcYQEHOnLse731xWrQI3mxFim6RORGlyFMPTz1sn9O',3,'ACTIVE','2025-05-27 14:31:00'),(23,'N22DCCN105','$2a$12$N6u/xwxtqTLBcYQEHOnLse731xWrQI3mxFim6RORGlyFMPTz1sn9O',3,'ACTIVE','2025-05-27 14:31:00'),(24,'N22DCCN131','$2a$12$N6u/xwxtqTLBcYQEHOnLse731xWrQI3mxFim6RORGlyFMPTz1sn9O',3,'ACTIVE','2025-05-27 14:31:00'),(25,'N22DCCN054','$2a$12$N6u/xwxtqTLBcYQEHOnLse731xWrQI3mxFim6RORGlyFMPTz1sn9O',3,'ACTIVE','2025-05-27 14:31:00'),(26,'N22DCCN081','$2a$12$N6u/xwxtqTLBcYQEHOnLse731xWrQI3mxFim6RORGlyFMPTz1sn9O',3,'ACTIVE','2025-05-27 14:31:00'),(27,'N22DCCN106','$2a$12$N6u/xwxtqTLBcYQEHOnLse731xWrQI3mxFim6RORGlyFMPTz1sn9O',3,'ACTIVE','2025-05-27 14:31:00'),(28,'N22DCCN170','$2a$12$N6u/xwxtqTLBcYQEHOnLse731xWrQI3mxFim6RORGlyFMPTz1sn9O',3,'ACTIVE','2025-05-27 14:31:00'),(29,'N22DCCN056','$2a$12$N6u/xwxtqTLBcYQEHOnLse731xWrQI3mxFim6RORGlyFMPTz1sn9O',3,'ACTIVE','2025-05-27 14:31:00'),(30,'N22DCCN181','$2a$12$N6u/xwxtqTLBcYQEHOnLse731xWrQI3mxFim6RORGlyFMPTz1sn9O',3,'ACTIVE','2025-05-27 14:31:00'),(31,'N22DCCN107','$2a$12$N6u/xwxtqTLBcYQEHOnLse731xWrQI3mxFim6RORGlyFMPTz1sn9O',3,'ACTIVE','2025-05-27 14:31:00'),(32,'N22DCCN136','$2a$12$N6u/xwxtqTLBcYQEHOnLse731xWrQI3mxFim6RORGlyFMPTz1sn9O',3,'ACTIVE','2025-05-27 14:31:00'),(33,'N22DCCN156','$2a$12$N6u/xwxtqTLBcYQEHOnLse731xWrQI3mxFim6RORGlyFMPTz1sn9O',3,'ACTIVE','2025-05-27 14:31:00'),(34,'N22DCCN182','$2a$12$N6u/xwxtqTLBcYQEHOnLse731xWrQI3mxFim6RORGlyFMPTz1sn9O',3,'ACTIVE','2025-05-27 14:31:00'),(35,'N22DCCN200','$2a$12$N6u/xwxtqTLBcYQEHOnLse731xWrQI3mxFim6RORGlyFMPTz1sn9O',3,'ACTIVE','2025-05-27 14:31:00'),(36,'N22DCCN038','$2a$12$N6u/xwxtqTLBcYQEHOnLse731xWrQI3mxFim6RORGlyFMPTz1sn9O',3,'ACTIVE','2025-05-27 14:31:00'),(37,'N22DCCN166','$2a$12$N6u/xwxtqTLBcYQEHOnLse731xWrQI3mxFim6RORGlyFMPTz1sn9O',3,'ACTIVE','2025-05-27 14:31:00'),(38,'N22DCCN183','$2a$12$N6u/xwxtqTLBcYQEHOnLse731xWrQI3mxFim6RORGlyFMPTz1sn9O',3,'ACTIVE','2025-05-27 14:31:00'),(39,'N22DCCN108','$2a$12$N6u/xwxtqTLBcYQEHOnLse731xWrQI3mxFim6RORGlyFMPTz1sn9O',3,'ACTIVE','2025-05-27 14:31:00'),(40,'N22DCCN139','$2a$12$N6u/xwxtqTLBcYQEHOnLse731xWrQI3mxFim6RORGlyFMPTz1sn9O',3,'ACTIVE','2025-05-27 14:31:00'),(41,'N22DCCN157','$2a$12$N6u/xwxtqTLBcYQEHOnLse731xWrQI3mxFim6RORGlyFMPTz1sn9O',3,'ACTIVE','2025-05-27 14:31:00'),(42,'N22DCCN086','$2a$12$N6u/xwxtqTLBcYQEHOnLse731xWrQI3mxFim6RORGlyFMPTz1sn9O',3,'ACTIVE','2025-05-27 14:31:00'),(43,'N22DCCN109','$2a$12$N6u/xwxtqTLBcYQEHOnLse731xWrQI3mxFim6RORGlyFMPTz1sn9O',3,'ACTIVE','2025-05-27 14:31:00'),(44,'N22DCCN040','$2a$12$N6u/xwxtqTLBcYQEHOnLse731xWrQI3mxFim6RORGlyFMPTz1sn9O',3,'ACTIVE','2025-05-27 14:31:00'),(45,'N22DCCN158','$2a$12$N6u/xwxtqTLBcYQEHOnLse731xWrQI3mxFim6RORGlyFMPTz1sn9O',3,'ACTIVE','2025-05-27 14:31:00'),(46,'N22DCCN189','$2a$12$N6u/xwxtqTLBcYQEHOnLse731xWrQI3mxFim6RORGlyFMPTz1sn9O',3,'ACTIVE','2025-05-27 14:31:00'),(47,'N22DCCN110','$2a$12$N6u/xwxtqTLBcYQEHOnLse731xWrQI3mxFim6RORGlyFMPTz1sn9O',3,'ACTIVE','2025-05-27 14:31:00'),(48,'N22DCCN140','$2a$12$N6u/xwxtqTLBcYQEHOnLse731xWrQI3mxFim6RORGlyFMPTz1sn9O',3,'ACTIVE','2025-05-27 14:31:00'),(49,'N22DCCN159','$2a$12$N6u/xwxtqTLBcYQEHOnLse731xWrQI3mxFim6RORGlyFMPTz1sn9O',3,'ACTIVE','2025-05-27 14:31:00'),(50,'N22DCCN187','$2a$12$N6u/xwxtqTLBcYQEHOnLse731xWrQI3mxFim6RORGlyFMPTz1sn9O',3,'ACTIVE','2025-05-27 14:31:00'),(51,'N22DCCN112','$2a$12$N6u/xwxtqTLBcYQEHOnLse731xWrQI3mxFim6RORGlyFMPTz1sn9O',3,'ACTIVE','2025-05-27 14:31:00'),(52,'N22DCCN042','$2a$12$N6u/xwxtqTLBcYQEHOnLse731xWrQI3mxFim6RORGlyFMPTz1sn9O',3,'ACTIVE','2025-05-27 14:31:00'),(53,'N22DCCN161','$2a$12$N6u/xwxtqTLBcYQEHOnLse731xWrQI3mxFim6RORGlyFMPTz1sn9O',3,'ACTIVE','2025-05-27 14:31:00'),(54,'N22DCCN090','$2a$12$N6u/xwxtqTLBcYQEHOnLse731xWrQI3mxFim6RORGlyFMPTz1sn9O',3,'ACTIVE','2025-05-27 14:31:00'),(55,'N22DCCN114','$2a$12$N6u/xwxtqTLBcYQEHOnLse731xWrQI3mxFim6RORGlyFMPTz1sn9O',3,'ACTIVE','2025-05-27 14:31:00'),(56,'N22DCCN142','$2a$12$N6u/xwxtqTLBcYQEHOnLse731xWrQI3mxFim6RORGlyFMPTz1sn9O',3,'ACTIVE','2025-05-27 14:31:00'),(57,'N22DCCN162','$2a$12$N6u/xwxtqTLBcYQEHOnLse731xWrQI3mxFim6RORGlyFMPTz1sn9O',3,'ACTIVE','2025-05-27 14:31:00'),(58,'N22DCCN190','$2a$12$N6u/xwxtqTLBcYQEHOnLse731xWrQI3mxFim6RORGlyFMPTz1sn9O',3,'ACTIVE','2025-05-27 14:31:00'),(59,'N22DCCN115','$2a$12$N6u/xwxtqTLBcYQEHOnLse731xWrQI3mxFim6RORGlyFMPTz1sn9O',3,'ACTIVE','2025-05-27 14:31:00'),(60,'N22DCCN143','$2a$12$N6u/xwxtqTLBcYQEHOnLse731xWrQI3mxFim6RORGlyFMPTz1sn9O',3,'ACTIVE','2025-05-27 14:31:00'),(61,'N22DCCN167','$2a$12$N6u/xwxtqTLBcYQEHOnLse731xWrQI3mxFim6RORGlyFMPTz1sn9O',3,'ACTIVE','2025-05-27 14:31:00'),(62,'N22DCCN191','$2a$12$N6u/xwxtqTLBcYQEHOnLse731xWrQI3mxFim6RORGlyFMPTz1sn9O',3,'ACTIVE','2025-05-27 14:31:00'),(63,'N22DCCN119','$2a$12$N6u/xwxtqTLBcYQEHOnLse731xWrQI3mxFim6RORGlyFMPTz1sn9O',3,'ACTIVE','2025-05-27 14:31:00'),(64,'N22DCCN144','$2a$12$N6u/xwxtqTLBcYQEHOnLse731xWrQI3mxFim6RORGlyFMPTz1sn9O',3,'ACTIVE','2025-05-27 14:31:00'),(65,'N22DCCN168','$2a$12$N6u/xwxtqTLBcYQEHOnLse731xWrQI3mxFim6RORGlyFMPTz1sn9O',3,'ACTIVE','2025-05-27 14:31:00'),(66,'N22DCCN192','$2a$12$N6u/xwxtqTLBcYQEHOnLse731xWrQI3mxFim6RORGlyFMPTz1sn9O',3,'ACTIVE','2025-05-27 14:31:00'),(67,'N22DCCN120','$2a$12$N6u/xwxtqTLBcYQEHOnLse731xWrQI3mxFim6RORGlyFMPTz1sn9O',3,'ACTIVE','2025-05-27 14:31:00'),(68,'N22DCCN145','$2a$12$N6u/xwxtqTLBcYQEHOnLse731xWrQI3mxFim6RORGlyFMPTz1sn9O',3,'ACTIVE','2025-05-27 14:31:00'),(69,'N22DCCN169','$2a$12$N6u/xwxtqTLBcYQEHOnLse731xWrQI3mxFim6RORGlyFMPTz1sn9O',3,'ACTIVE','2025-05-27 14:31:00'),(70,'N22DCCN193','$2a$12$N6u/xwxtqTLBcYQEHOnLse731xWrQI3mxFim6RORGlyFMPTz1sn9O',3,'ACTIVE','2025-05-27 14:31:00'),(71,'N22DCCN121','$2a$12$N6u/xwxtqTLBcYQEHOnLse731xWrQI3mxFim6RORGlyFMPTz1sn9O',3,'ACTIVE','2025-05-27 14:31:00'),(72,'N22DCCN146','$2a$12$N6u/xwxtqTLBcYQEHOnLse731xWrQI3mxFim6RORGlyFMPTz1sn9O',3,'ACTIVE','2025-05-27 14:31:00'),(73,'N22DCCN171','$2a$12$N6u/xwxtqTLBcYQEHOnLse731xWrQI3mxFim6RORGlyFMPTz1sn9O',3,'ACTIVE','2025-05-27 14:31:00'),(74,'N22DCCN194','$2a$12$N6u/xwxtqTLBcYQEHOnLse731xWrQI3mxFim6RORGlyFMPTz1sn9O',3,'ACTIVE','2025-05-27 14:31:00'),(75,'N22DCCN123','$2a$12$N6u/xwxtqTLBcYQEHOnLse731xWrQI3mxFim6RORGlyFMPTz1sn9O',3,'ACTIVE','2025-05-27 14:31:00'),(76,'N22DCCN047','$2a$12$N6u/xwxtqTLBcYQEHOnLse731xWrQI3mxFim6RORGlyFMPTz1sn9O',3,'ACTIVE','2025-05-27 14:31:00'),(77,'N22DCCN173','$2a$12$N6u/xwxtqTLBcYQEHOnLse731xWrQI3mxFim6RORGlyFMPTz1sn9O',3,'ACTIVE','2025-05-27 14:31:00'),(78,'N22DCCN195','$2a$12$N6u/xwxtqTLBcYQEHOnLse731xWrQI3mxFim6RORGlyFMPTz1sn9O',3,'ACTIVE','2025-05-27 14:31:00'),(79,'N22DCCN124','$2a$12$N6u/xwxtqTLBcYQEHOnLse731xWrQI3mxFim6RORGlyFMPTz1sn9O',3,'ACTIVE','2025-05-27 14:31:00'),(80,'N22DCCN147','$2a$12$N6u/xwxtqTLBcYQEHOnLse731xWrQI3mxFim6RORGlyFMPTz1sn9O',3,'ACTIVE','2025-05-27 14:31:00'),(81,'N22DCCN175','$2a$12$N6u/xwxtqTLBcYQEHOnLse731xWrQI3mxFim6RORGlyFMPTz1sn9O',3,'ACTIVE','2025-05-27 14:31:00'),(82,'N22DCCN198','$2a$12$N6u/xwxtqTLBcYQEHOnLse731xWrQI3mxFim6RORGlyFMPTz1sn9O',3,'ACTIVE','2025-05-27 14:31:00'),(83,'MANAGER','$2a$12$N6u/xwxtqTLBcYQEHOnLse731xWrQI3mxFim6RORGlyFMPTz1sn9O',1,'ACTIVE','2025-05-27 14:58:53'),(84,'GV001','$2a$12$N6u/xwxtqTLBcYQEHOnLse731xWrQI3mxFim6RORGlyFMPTz1sn9O',2,'ACTIVE','2025-05-27 15:20:30'),(85,'GV002','$2a$12$N6u/xwxtqTLBcYQEHOnLse731xWrQI3mxFim6RORGlyFMPTz1sn9O',2,'ACTIVE','2025-05-27 15:20:30'),(86,'GV003','$2a$12$N6u/xwxtqTLBcYQEHOnLse731xWrQI3mxFim6RORGlyFMPTz1sn9O',2,'ACTIVE','2025-05-27 15:20:30'),(87,'GV004','$2a$12$N6u/xwxtqTLBcYQEHOnLse731xWrQI3mxFim6RORGlyFMPTz1sn9O',2,'ACTIVE','2025-05-27 15:20:30'),(88,'GV005','$2a$12$N6u/xwxtqTLBcYQEHOnLse731xWrQI3mxFim6RORGlyFMPTz1sn9O',2,'ACTIVE','2025-05-27 15:20:30'),(89,'GV006','$2a$12$N6u/xwxtqTLBcYQEHOnLse731xWrQI3mxFim6RORGlyFMPTz1sn9O',2,'ACTIVE','2025-05-27 15:20:30'),(90,'GV007','$2a$12$N6u/xwxtqTLBcYQEHOnLse731xWrQI3mxFim6RORGlyFMPTz1sn9O',2,'ACTIVE','2025-05-27 15:20:30'),(91,'GV008','$2a$12$N6u/xwxtqTLBcYQEHOnLse731xWrQI3mxFim6RORGlyFMPTz1sn9O',2,'ACTIVE','2025-05-27 15:20:30'),(92,'GV009','$2a$12$N6u/xwxtqTLBcYQEHOnLse731xWrQI3mxFim6RORGlyFMPTz1sn9O',2,'ACTIVE','2025-05-27 15:20:30'),(93,'GV010','$2a$12$N6u/xwxtqTLBcYQEHOnLse731xWrQI3mxFim6RORGlyFMPTz1sn9O',2,'ACTIVE','2025-05-27 15:20:30');
INSERT INTO `manager_account` VALUES (83,'MANAGER001','Nguyễn Văn A','toanehihi.dev@gmail.com','0123123123','2000-01-01',_binary '');
INSERT INTO `lecturer_account` VALUES (84,'GV001','Phan Thanh Hy','test1@gmail.com','011111111',_binary '','2000-01-01',1),(85,'GV002','Nguyễn Thị Bích Nguyên','test2@gmail.com','022222222',_binary '','2000-01-01',1),(86,'GV003','Lê Văn Hạnh','test3@gmail.com','0333333333',_binary '','2000-01-01',1),(87,'GV004','Nguyễn Thị Tuyết Hải','test4@gmail.com','0444444444',_binary '','2000-01-01',1),(88,'GV005','Nguyễn Trung Hiếu','test5@gmail.com','0555555555',_binary '','2000-01-01',1),(89,'GV006','Nguyễn Văn B','test6@gmail.com','0555554555',_binary '','2000-01-01',1),(90,'GV007','Nguyễn Văn C','test7@gmail.com','0555553555',_binary '','2000-01-01',1),(91,'GV008','Nguyễn Văn D','test8@gmail.com','0565551555',_binary '','2000-01-01',1),(92,'GV009','Nguyễn Văn E','test9@gmail.com','0555512355',_binary '','2000-01-01',1),(93,'GV010','Nguyễn Văn F','test10@gmail.com','0553123555',_binary '','2000-01-01',1);
INSERT INTO `student_account` VALUES (2,'N22DCCN100','Vũ Trần Thanh An','0397650603','n22dccn100@student.ptithcm.edu.vn',_binary '\0','2004-01-05'),(3,'N20DCCN084','Trần Ngọc Khánh Văn','0829429115','n21dccn099@student.ptithcm.edu.vn',_binary '','2004-01-10'),(4,'N22DCCN048','Hoàng Phi Long','0358988590','n22dccn102@student.ptithcm.edu.vn',_binary '\0','2004-01-14'),(5,'N22DCCN176','Đinh Quang Thái','0985125568','n22dccn103@student.ptithcm.edu.vn',_binary '','2004-01-19'),(6,'N22DCCN199','Nguyễn Đức Ý','0339079058','n22dccn104@student.ptithcm.edu.vn',_binary '\0','2004-01-23'),(7,'N20DCCN064','Lê Văn Tiến','0338123389','n22dccn105@student.ptithcm.edu.vn',_binary '','2004-01-28'),(8,'N22DCCN127','Đặng Hữu Hiếu','0867809347','n22dccn106@student.ptithcm.edu.vn',_binary '\0','2004-02-01'),(9,'N22DCCN148','Lý Hoàng Long','0981685542','n22dccn107@student.ptithcm.edu.vn',_binary '','2004-02-06'),(10,'N20DCCN113','Nguyễn Hoàng Nguyên Khôi','0813299619','n22dccn200@student.ptithcm.edu.vn',_binary '\0','2004-02-10'),(11,'N22DCCN102','Lỗ Thành Ánh','0915790354','n22dccn108@student.ptithcm.edu.vn',_binary '','2004-02-15'),(12,'N22DCCN128','Nguyễn Văn Hiệu','0383451425','n22dccn109@student.ptithcm.edu.vn',_binary '\0','2004-02-19'),(13,'N22DCCN051','Nguyễn Thắng Lợi','0387269547','n22dccn110@student.ptithcm.edu.vn',_binary '','2004-02-24'),(14,'N22DCCN177','Triệu Việt Thành','0944856547','n22dccn112@student.ptithcm.edu.vn',_binary '\0','2004-02-28'),(15,'N22DCCN103','Đinh Gia Bảo','0333474315','n22dccn114@student.ptithcm.edu.vn',_binary '','2004-03-04'),(16,'N22DCCN160','Phạm Văn Phú','0357090860','n22dccn115@student.ptithcm.edu.vn',_binary '\0','2004-03-08'),(17,'N22DCCN153','Nguyễn Hồ Quang Minh','0383482101','n22dccn119@student.ptithcm.edu.vn',_binary '','2004-03-13'),(18,'N22DCCN179','Lê Đình Thi','0327623849','n22dccn120@student.ptithcm.edu.vn',_binary '\0','2004-03-17'),(19,'N22DCCN104','Huỳnh Quốc Bảo','0793824704','n22dccn121@student.ptithcm.edu.vn',_binary '','2004-03-22'),(20,'N22DCCN129','Nguyễn Hữu Ngọc Hoàng','0582831951','n22dccn123@student.ptithcm.edu.vn',_binary '\0','2004-03-26'),(21,'N22DCCN154','Phạm Trần Nhật Minh','0393884616','n22dccn124@student.ptithcm.edu.vn',_binary '','2004-03-31'),(22,'N22DCCN180','Phạm Hùng Thiên','0869738400','n22dccn126@student.ptithcm.edu.vn',_binary '\0','2004-04-04'),(23,'N22DCCN105','Lại Quốc Bảo','0393312437','n22dccn127@student.ptithcm.edu.vn',_binary '','2004-04-09'),(24,'N22DCCN131','Đặng Việt Hùng','0334185282','n22dccn128@student.ptithcm.edu.vn',_binary '\0','2004-04-13'),(25,'N22DCCN054','Phan Nhật Minh','0856547647','n18dccn070@student.ptithcm.edu.vn',_binary '','2004-04-18'),(26,'N22DCCN081','Nguyễn Khánh Thiện','0384868582','n22dccn129@student.ptithcm.edu.vn',_binary '\0','2004-04-22'),(27,'N22DCCN106','Nguyễn Sỹ Kim Bằng','0867081812','n22dccn131@student.ptithcm.edu.vn',_binary '','2004-04-27'),(28,'N22DCCN170','Trần Thái Sơn','0775922731','n20dcat022@student.ptithcm.edu.vn',_binary '\0','2004-05-01'),(29,'N22DCCN056','Nguyễn Huỳnh Đăng Nguyên','0914818416','n22dccn136@student.ptithcm.edu.vn',_binary '','2004-05-06'),(30,'N22DCCN181','Nguyễn Phước Thiện','0815387291','n22dccn038@student.ptithcm.edu.vn',_binary '\0','2004-05-10'),(31,'N22DCCN107','Lê Thanh Bình','0937733324','n22dccn139@student.ptithcm.edu.vn',_binary '','2004-05-15'),(32,'N22DCCN136','Đặng Quốc Hưng','0389990772','n22dccn040@student.ptithcm.edu.vn',_binary '\0','2004-05-19'),(33,'N22DCCN156','Phạm Tấn Nguyên','0943204547','n22dccn140@student.ptithcm.edu.vn',_binary '','2004-05-24'),(34,'N22DCCN182','Nguyễn Phúc Thịnh','0328480290','n22dccn042@student.ptithcm.edu.vn',_binary '\0','2004-05-28'),(35,'N22DCCN200','Y Cao Nguyên Byă','0815412099','n22dccn142@student.ptithcm.edu.vn',_binary '','2004-06-02'),(36,'N22DCCN038','Nguyễn Anh Kha','0398550399','n22dccn143@student.ptithcm.edu.vn',_binary '\0','2004-06-06'),(37,'N22DCCN166','Mai Mỹ Quyên','0935967084','n22dccn144@student.ptithcm.edu.vn',_binary '','2004-06-11'),(38,'N22DCCN183','Lê Anh Thuyên','0327836055','n22dccn145@student.ptithcm.edu.vn',_binary '\0','2004-06-15'),(39,'N22DCCN108','Nguyễn Ngọc Quế Chi','0942016240','n22dccn146@student.ptithcm.edu.vn',_binary '','2004-06-20'),(40,'N22DCCN139','Văn Duy Khánh','0842943637','n22dccn047@student.ptithcm.edu.vn',_binary '','2004-06-24'),(41,'N22DCCN157','Trần Ti Ni','0966619554','n22dccn147@student.ptithcm.edu.vn',_binary '','2004-06-29'),(42,'N22DCCN086','Hồ Công Toản','0908706795','n22dccn048@student.ptithcm.edu.vn',_binary '','2004-09-02'),(43,'N22DCCN109','Vũ Công Chiến','0968632667','n22dccn148@student.ptithcm.edu.vn',_binary '','2004-07-08'),(44,'N22DCCN040','Đậu Văn Đăng Khoa','0783877652','n22dccn051@student.ptithcm.edu.vn',_binary '','2004-07-12'),(45,'N22DCCN158','Nguyễn Thanh Phong','0368673378','n22dccn153@student.ptithcm.edu.vn',_binary '','2004-07-17'),(46,'N22DCCN189','Nguyễn Quốc Trí','0974442357','n22dccn154@student.ptithcm.edu.vn',_binary '\0','2004-07-21'),(47,'N22DCCN110','Nguyễn Đức Chính','0337256045','n22dccn054@student.ptithcm.edu.vn',_binary '','2004-07-26'),(48,'N22DCCN140','Hồ Minh Khoa','0343387314','n22dccn056@student.ptithcm.edu.vn',_binary '\0','2004-07-30'),(49,'N22DCCN159','Nguyễn Ngọc Phú','0349557309','n22dccn156@student.ptithcm.edu.vn',_binary '','2004-08-04'),(50,'N22DCCN187','Trần Nguyễn Minh Trí','0918848556','n21dccn060@student.ptithcm.edu.vn',_binary '\0','2004-08-08'),(51,'N22DCCN112','Trần Văn Danh','0353168545','n22dccn157@student.ptithcm.edu.vn',_binary '','2004-08-13'),(52,'N22DCCN042','Nguyễn Tấn Khoa','0817915752','n22dccn158@student.ptithcm.edu.vn',_binary '\0','2004-08-17'),(53,'N22DCCN161','Lê Nhựt Phương','0383470889','n22dccn159@student.ptithcm.edu.vn',_binary '','2004-08-22'),(54,'N22DCCN090','Nguyễn Minh Triết','0353472329','n22dccn161@student.ptithcm.edu.vn',_binary '\0','2004-08-26'),(55,'N22DCCN114','Trần Đỗ Mạnh Duy','0395764316','n22dccn162@student.ptithcm.edu.vn',_binary '','2004-08-31'),(56,'N22DCCN142','Vũ Đình Khoa','0374164299','n22dccn167@student.ptithcm.edu.vn',_binary '\0','2004-09-04'),(57,'N22DCCN162','Nguyễn Văn Đăng Quang','0971431516','n22dccn168@student.ptithcm.edu.vn',_binary '','2004-09-09'),(58,'N22DCCN190','Trần Văn Trọng','0386168987','n22dccn169@student.ptithcm.edu.vn',_binary '\0','2004-09-13'),(59,'N22DCCN115','Nguyễn Quang Dự','0359082554','n22dccn171@student.ptithcm.edu.vn',_binary '','2004-09-18'),(60,'N22DCCN143','Đinh Hoàng Trọng Khôi','0387438272','n22dccn173@student.ptithcm.edu.vn',_binary '\0','2004-09-22'),(61,'N22DCCN167','Ngô Tấn Sang','0935015128','n22dccn175@student.ptithcm.edu.vn',_binary '','2004-09-27'),(62,'N22DCCN191','Cao Quốc Trực','0379787112','n22dccn176@student.ptithcm.edu.vn',_binary '\0','2004-10-01'),(63,'N22DCCN119','Phạm Tiến Đạt','0866523725','n21dccn175@student.ptithcm.edu.vn',_binary '','2004-10-06'),(64,'N22DCCN144','Hứa Trung Kiên','0387530876','n22dccn177@student.ptithcm.edu.vn',_binary '\0','2004-10-10'),(65,'N22DCCN168','Võ Mạnh Sang','0328123394','n22dccn179@student.ptithcm.edu.vn',_binary '','2004-10-15'),(66,'N22DCCN192','Đinh Xuân Trường','0382419025','n22dccn180@student.ptithcm.edu.vn',_binary '\0','2004-10-19'),(67,'N22DCCN120','Vũ Tiến Đạt','0973563490','n22dccn081@student.ptithcm.edu.vn',_binary '','2004-10-24'),(68,'N22DCCN145','Phan Tuấn Kiệt','0329925938','n22dccn181@student.ptithcm.edu.vn',_binary '\0','2004-10-28'),(69,'N22DCCN169','Đàm Huy Sơn','0348306423','n22dccn182@student.ptithcm.edu.vn',_binary '','2004-11-02'),(70,'N22DCCN193','Lê Ngọc Tú','0706132315','n22dccn183@student.ptithcm.edu.vn',_binary '\0','2004-11-06'),(71,'N22DCCN121','Nguyễn Ngọc Đức','0845561246','n22dccn086@student.ptithcm.edu.vn',_binary '','2004-11-11'),(72,'N22DCCN146','Huỳnh Bảo King','0819646179','n22dccn189@student.ptithcm.edu.vn',_binary '\0','2004-11-15'),(73,'N22DCCN171','Huỳnh Phát Tài','0971672528','n22dccn187@student.ptithcm.edu.vn',_binary '','2004-11-20'),(74,'N22DCCN194','Phạm Văn Tuân','0948469038','n22dccn090@student.ptithcm.edu.vn',_binary '\0','2004-11-24'),(75,'N22DCCN123','Lê Thị Trúc Hà','0399289458','n22dccn190@student.ptithcm.edu.vn',_binary '','2004-11-29'),(76,'N22DCCN047','Đặng Xuân Lâm','0968113717','n22dccn191@student.ptithcm.edu.vn',_binary '\0','2004-12-03'),(77,'N22DCCN173','Thái Thanh Tâm','0359941672','n22dccn192@student.ptithcm.edu.vn',_binary '','2004-12-08'),(78,'N22DCCN195','Trương Anh Tùng','0376519959','n22dccn193@student.ptithcm.edu.vn',_binary '\0','2004-12-12'),(79,'N22DCCN124','Trần Hoàng Hải','0368883927','n22dccn194@student.ptithcm.edu.vn',_binary '','2004-12-17'),(80,'N22DCCN147','Phạm Duy Linh','0968038717','n22dccn195@student.ptithcm.edu.vn',_binary '\0','2004-12-21'),(81,'N22DCCN175','Văn Minh Tấn','0932364426','n22dccn198@student.ptithcm.edu.vn',_binary '','2004-12-26'),(82,'N22DCCN198','Trần Đình Vũ','0375495972','n22dccn199@student.ptithcm.edu.vn',_binary '','2004-12-31');
INSERT INTO `subject` VALUES (1,'INT1154','Tin học cơ sở 1',2,20,4,0,0),(2,'INT1155','Tin học cơ sở 2',2,20,4,0,0),(3,'INT1339','Ngôn ngữ lập trình C++',3,30,8,0,0),(4,'INT1306','Cấu trúc dữ liệu và giải thuật',3,32,4,0,0),(5,'INT13162','Lập trình với Python',3,30,6,0,0),(6,'INT1319','Hệ điều hành',3,34,3,0,0),(7,'INT1336','Mạng máy tính',3,34,3,0,0),(8,'INT1332','Lập trình hướng đối tượng',3,30,6,0,0),(9,'INT1313','Cơ sở dữ liệu',3,32,4,0,0),(10,'INT1434-3','Lập trình Web',3,30,6,0,0),(11,'INT1303','An toàn và bảo mật hệ thống thông tin',3,32,12,0,0);
INSERT INTO `course` VALUES (1,10,2,2,1,80);
INSERT INTO `course_section` VALUES (1,1,1,40),(2,1,2,40);
INSERT INTO `lecturer_on_course` VALUES (1,88);
INSERT INTO `student_on_class` VALUES (2,2,'ENROLLED'),(3,2,'ENROLLED'),(4,1,'ENROLLED'),(5,2,'ENROLLED'),(6,2,'ENROLLED'),(7,2,'ENROLLED'),(8,2,'ENROLLED'),(9,2,'ENROLLED'),(10,2,'ENROLLED'),(11,2,'ENROLLED'),(12,2,'ENROLLED'),(13,1,'ENROLLED'),(14,2,'ENROLLED'),(15,2,'ENROLLED'),(16,2,'ENROLLED'),(17,2,'ENROLLED'),(18,2,'ENROLLED'),(19,2,'ENROLLED'),(20,2,'ENROLLED'),(21,2,'ENROLLED'),(22,2,'ENROLLED'),(23,2,'ENROLLED'),(24,2,'ENROLLED'),(25,1,'ENROLLED'),(26,1,'ENROLLED'),(27,2,'ENROLLED'),(28,2,'ENROLLED'),(29,1,'ENROLLED'),(30,2,'ENROLLED'),(31,2,'ENROLLED'),(32,2,'ENROLLED'),(33,2,'ENROLLED'),(34,2,'ENROLLED'),(35,2,'ENROLLED'),(36,1,'ENROLLED'),(37,2,'ENROLLED'),(38,2,'ENROLLED'),(39,2,'ENROLLED'),(40,2,'ENROLLED'),(41,2,'ENROLLED'),(42,1,'ENROLLED'),(43,2,'ENROLLED'),(44,1,'ENROLLED'),(45,2,'ENROLLED'),(46,2,'ENROLLED'),(47,2,'ENROLLED'),(48,2,'ENROLLED'),(49,2,'ENROLLED'),(50,2,'ENROLLED'),(51,2,'ENROLLED'),(52,2,'ENROLLED'),(53,2,'ENROLLED'),(54,1,'ENROLLED'),(55,2,'ENROLLED'),(56,2,'ENROLLED'),(57,2,'ENROLLED'),(58,2,'ENROLLED'),(59,2,'ENROLLED'),(60,2,'ENROLLED'),(61,2,'ENROLLED'),(62,2,'ENROLLED'),(63,2,'ENROLLED'),(64,2,'ENROLLED'),(65,2,'ENROLLED'),(66,2,'ENROLLED'),(67,2,'ENROLLED'),(68,2,'ENROLLED'),(69,2,'ENROLLED'),(70,2,'ENROLLED'),(71,2,'ENROLLED'),(72,2,'ENROLLED'),(73,2,'ENROLLED'),(74,2,'ENROLLED'),(75,2,'ENROLLED'),(76,1,'ENROLLED'),(77,2,'ENROLLED'),(78,2,'ENROLLED'),(79,2,'ENROLLED'),(80,2,'ENROLLED'),(81,2,'ENROLLED'),(82,2,'ENROLLED');
INSERT INTO `schedule` VALUES (1,1,1,1,2,88,1,4,28,'IN_PROGRESS','PRACTICE'),(2,1,1,1,2,88,1,2,29,'IN_PROGRESS','PRACTICE'),(3,1,2,1,2,88,1,4,30,'IN_PROGRESS','PRACTICE'),(4,1,2,1,2,88,1,2,31,'IN_PROGRESS','PRACTICE');
INSERT INTO `report` VALUES (1,'Thêm lịch thực hành','Thông tin học phần: 1\nTuần học: 1\nThời gian: 1\n',87),(2,'Thêm lịch thực hành','Thông tin học phần: Lập trình web Nhóm 01 Tổ1\nTuần học: 30\nThời gian: Thứ 2 Tiết 1-4\n',84),(3,'Báo cáo phòng thực hành hỏng','Phòng: 2B12\nMô tả: Hỏng máy 10, 12, 30',84);
INSERT INTO `report_log` VALUES (1,'REJECTED',NULL,83,'2025-06-04 22:02:54','2025-06-05 00:52:05'),(2,'APPROVED',NULL,83,'2025-06-05 00:51:08','2025-06-05 00:52:10'),(3,'APPROVED',NULL,83,'2025-06-05 00:51:38','2025-06-05 00:52:14');
INSERT INTO `student_on_course_section` (`student_id`, `course_section_id`) VALUES
(2, 1), (3, 1), (4, 1), (5, 1), (6, 1), (7, 1), (8, 1), (9, 1), (10, 1),
(11, 1), (12, 1), (13, 1), (14, 1), (15, 1), (16, 1), (17, 1), (18, 1), (19, 1),
(20, 1), (21, 1), (22, 1), (23, 1), (24, 1), (25, 1), (26, 1), (27, 1), (28, 1),
(29, 1), (30, 1), (31, 1), (32, 1), (33, 1), (34, 1), (35, 1), (36, 1), (37, 1),
(38, 1), (39, 1), (40, 1), (41, 1), (42, 1);

INSERT INTO `student_on_course_section` (`student_id`, `course_section_id`) VALUES
(43, 2), (44, 2), (45, 2), (46, 2), (47, 2), (48, 2), (49, 2), (50, 2), (51, 2),
(52, 2), (53, 2), (54, 2), (55, 2), (56, 2), (57, 2), (58, 2), (59, 2), (60, 2),
(61, 2), (62, 2), (63, 2), (64, 2), (65, 2), (66, 2), (67, 2), (68, 2), (69, 2),
(70, 2), (71, 2), (72, 2), (73, 2), (74, 2), (75, 2), (76, 2), (77, 2), (78, 2),
(79, 2), (80, 2), (81, 2), (82, 2);